shipment_id,origin,current_location,destination,weight_kg,volume_m3,priority,deadline,status,shipment_value,created_at,expected_transport_hours,delay_probability,route_risk,business_category
S0001,Mumbai,Mumbai,Ahmedabad,92,1.02,Normal,2026-09-21 09:00:00,Misplaced,119136,2026-09-18 10:00:00,11.0,0.25663075011488323,0.2,Medicine
S0002,Chennai,Chennai,Vijayawada,449,4.99,Medium,2026-09-21 14:00:00,Misplaced,81782,2026-09-17 05:00:00,9.0,0.4769007752883304,0.26,Electronics
S0003,Hyderabad,Hyderabad,Visakhapatnam,410,4.56,Normal,2026-09-21 12:00:00,Misplaced,140851,2026-09-17 06:00:00,12.9,0.418581174924776,0.26,Consumer Goods
S0004,Mumbai,Mumbai,Pune,83,0.92,Normal,2026-09-20 09:00:00,Misplaced,70616,2026-09-17 20:00:00,3.1,0.22649843286429686,0.08,Medicine
S0005,Mumbai,Mumbai,Ahmedabad,383,4.26,High,2026-09-19 10:00:00,Misplaced,29553,2026-09-18 05:00:00,11.0,0.5267306646146842,0.2,Food
S0006,Delhi,Delhi,Kolkata,82,0.91,Normal,2026-09-21 04:00:00,Misplaced,15017,2026-09-18 11:00:00,31.2,0.2717487288669533,0.14,Electronics
S0007,Hyderabad,Hyderabad,Delhi,354,3.93,Normal,2026-09-21 01:00:00,Misplaced,141323,2026-09-18 14:00:00,32.7,0.3347000842842999,0.2,Other
S0008,Mumbai,Mumbai,Ahmedabad,69,0.77,Normal,2026-09-21 14:00:00,Misplaced,144368,2026-09-17 04:00:00,11.0,0.3343885137943961,0.2,Medicine
S0009,Hyderabad,Hyderabad,Visakhapatnam,249,2.77,High,2026-09-20 15:00:00,Misplaced,113495,2026-09-18 08:00:00,12.9,0.512091144641346,0.26,Electronics
S0010,Mumbai,Mumbai,Pune,326,3.62,Medium,2026-09-19 06:00:00,Misplaced,24420,2026-09-15 18:00:00,3.1,0.22846782917714076,0.08,Electronics
S0011,Chennai,Chennai,Vijayawada,357,3.97,Medium,2026-09-20 06:00:00,Misplaced,51111,2026-09-17 21:00:00,9.0,0.37603394142235047,0.26,Electronics
S0012,Hyderabad,Hyderabad,Visakhapatnam,218,2.42,Normal,2026-09-20 02:00:00,Misplaced,15751,2026-09-16 16:00:00,12.9,0.3767228791538936,0.26,Consumer Goods
S0013,Hyderabad,Hyderabad,Visakhapatnam,444,4.93,Medium,2026-09-21 04:00:00,Misplaced,17174,2026-09-16 15:00:00,12.9,0.3833980204153502,0.26,Food
S0014,Hyderabad,Hyderabad,Delhi,378,4.2,Normal,2026-09-19 22:00:00,Misplaced,44449,2026-09-17 03:00:00,32.7,0.2586712614553532,0.2,Other
S0015,Delhi,Delhi,Jaipur,123,1.37,Medium,2026-09-19 18:00:00,Misplaced,90099,2026-09-16 00:00:00,5.8,0.3078942061144082,0.14,Food
S0016,Mumbai,Mumbai,Pune,332,3.69,High,2026-09-19 02:00:00,Misplaced,19174,2026-09-18 07:00:00,3.1,0.32149735823375647,0.08,Consumer Goods
S0017,Bengaluru,Bengaluru,Hyderabad,358,3.98,Medium,2026-09-21 04:00:00,Misplaced,147844,2026-09-17 22:00:00,11.9,0.2528284913191949,0.14,Clothing
S0018,Hyderabad,Hyderabad,Visakhapatnam,180,2.0,Critical,2026-09-20 22:00:00,Misplaced,73716,2026-09-17 21:00:00,12.9,0.6824084025129247,0.26,Clothing
S0019,Delhi,Delhi,Jaipur,362,4.02,Normal,2026-09-18 23:00:00,Misplaced,46938,2026-09-18 05:00:00,5.8,0.2890854878941564,0.14,Documents
S0020,Bengaluru,Bengaluru,Hyderabad,434,4.82,Medium,2026-09-20 01:00:00,Misplaced,82252,2026-09-17 18:00:00,11.9,0.24515492795166718,0.14,Electronics
S0021,Mumbai,Mumbai,Pune,397,4.41,Normal,2026-09-20 04:00:00,Misplaced,120621,2026-09-17 16:00:00,3.1,0.10112605491999999,0.08,Consumer Goods
S0022,Bengaluru,Bengaluru,Chennai,373,4.14,Medium,2026-09-20 03:00:00,Misplaced,53759,2026-09-16 08:00:00,7.3,0.21041949527940607,0.08,Documents
S0023,Delhi,Delhi,Kolkata,315,3.5,Normal,2026-09-21 09:00:00,Misplaced,16651,2026-09-17 17:00:00,31.2,0.2796266253521129,0.14,Documents
S0024,Delhi,Delhi,Jaipur,151,1.68,Normal,2026-09-19 06:00:00,Misplaced,17134,2026-09-16 00:00:00,5.8,0.28587607993514863,0.14,Consumer Goods
S0025,Chennai,Chennai,Kochi,387,4.3,Normal,2026-09-19 17:00:00,Misplaced,129278,2026-09-16 08:00:00,14.4,0.1207493605174074,0.08,Clothing
S0026,Bengaluru,Bengaluru,Chennai,193,2.14,High,2026-09-19 08:00:00,Misplaced,25624,2026-09-15 22:00:00,7.3,0.3761503851774577,0.08,Documents
S0027,Delhi,Delhi,Kolkata,269,2.99,Medium,2026-09-19 13:00:00,Misplaced,98978,2026-09-18 07:00:00,31.2,0.23735562509641445,0.14,Consumer Goods
S0028,Hyderabad,Hyderabad,Delhi,171,1.9,Critical,2026-09-21 08:00:00,Misplaced,63830,2026-09-15 17:00:00,32.7,0.5585093885234794,0.2,Other
S0029,Mumbai,Mumbai,Ahmedabad,170,1.89,High,2026-09-21 11:00:00,Misplaced,118852,2026-09-16 19:00:00,11.0,0.5297914272517874,0.2,Electronics
S0030,Chennai,Chennai,Vijayawada,100,1.11,Normal,2026-09-18 23:00:00,Misplaced,18473,2026-09-15 17:00:00,9.0,0.3088886234846365,0.26,Food
S0031,Chennai,Chennai,Kochi,462,5.13,Normal,2026-09-20 14:00:00,Misplaced,135690,2026-09-17 13:00:00,14.4,0.12309453738664397,0.08,Medicine
S0032,Hyderabad,Hyderabad,Delhi,96,1.07,Normal,2026-09-19 12:00:00,Misplaced,107746,2026-09-15 19:00:00,32.7,0.283420049882019,0.2,Medicine
S0033,Mumbai,Mumbai,Pune,68,0.76,Medium,2026-09-19 09:00:00,Misplaced,72898,2026-09-16 21:00:00,3.1,0.2529502788954792,0.08,Automotive
S0034,Hyderabad,Hyderabad,Delhi,451,5.01,Medium,2026-09-19 16:00:00,Misplaced,38982,2026-09-18 09:00:00,32.7,0.419935117361988,0.2,Electronics
S0035,Mumbai,Mumbai,Ahmedabad,279,3.1,Medium,2026-09-19 09:00:00,Misplaced,146799,2026-09-17 09:00:00,11.0,0.4271231718299552,0.2,Automotive
S0036,Mumbai,Mumbai,Pune,227,2.52,High,2026-09-20 05:00:00,Misplaced,52290,2026-09-18 05:00:00,3.1,0.2704460954887092,0.08,Automotive
S0037,Chennai,Chennai,Kochi,361,4.01,High,2026-09-21 14:00:00,Misplaced,78671,2026-09-15 20:00:00,14.4,0.2806996276021858,0.08,Consumer Goods
S0038,Mumbai,Mumbai,Ahmedabad,202,2.24,Medium,2026-09-20 11:00:00,Misplaced,65177,2026-09-17 17:00:00,11.0,0.3986106960843991,0.2,Other
S0039,Bengaluru,Bengaluru,Hyderabad,87,0.97,High,2026-09-20 20:00:00,Misplaced,42277,2026-09-17 23:00:00,11.9,0.36059482284062905,0.14,Documents
S0040,Chennai,Chennai,Vijayawada,358,3.98,Normal,2026-09-20 05:00:00,Misplaced,68325,2026-09-16 23:00:00,9.0,0.41272735892595414,0.26,Automotive
S0041,Chennai,Chennai,Kochi,109,1.21,Medium,2026-09-18 21:00:00,Misplaced,31207,2026-09-17 08:00:00,14.4,0.25951798858436304,0.08,Food
S0042,Bengaluru,Bengaluru,Hyderabad,278,3.09,Normal,2026-09-19 02:00:00,Misplaced,10232,2026-09-18 08:00:00,11.9,0.17677672035710157,0.14,Documents
S0043,Delhi,Delhi,Kolkata,457,5.08,Normal,2026-09-19 14:00:00,Misplaced,50599,2026-09-16 05:00:00,31.2,0.2848793927386011,0.14,Medicine
S0044,Chennai,Chennai,Kochi,451,5.01,Medium,2026-09-19 13:00:00,Misplaced,25689,2026-09-16 02:00:00,14.4,0.18645345700121138,0.08,Consumer Goods
S0045,Delhi,Delhi,Kolkata,192,2.13,Normal,2026-09-21 04:00:00,Misplaced,68069,2026-09-16 10:00:00,31.2,0.22352430920194807,0.14,Automotive
S0046,Mumbai,Mumbai,Pune,381,4.23,Normal,2026-09-21 04:00:00,Misplaced,130787,2026-09-16 19:00:00,3.1,0.1828277392838995,0.08,Electronics
S0047,Bengaluru,Bengaluru,Hyderabad,305,3.39,Medium,2026-09-21 05:00:00,Misplaced,32759,2026-09-17 10:00:00,11.9,0.2951149223620418,0.14,Consumer Goods
S0048,Chennai,Chennai,Vijayawada,245,2.72,High,2026-09-20 15:00:00,Misplaced,10172,2026-09-17 00:00:00,9.0,0.5429244373422726,0.26,Food
S0049,Mumbai,Mumbai,Ahmedabad,92,1.02,Normal,2026-09-20 09:00:00,Misplaced,25553,2026-09-17 02:00:00,11.0,0.31790301023038825,0.2,Electronics
S0050,Hyderabad,Hyderabad,Visakhapatnam,199,2.21,High,2026-09-20 15:00:00,Misplaced,81143,2026-09-18 03:00:00,12.9,0.5888063008292083,0.26,Clothing
S0051,Hyderabad,Hyderabad,Delhi,323,3.59,High,2026-09-19 23:00:00,Misplaced,48477,2026-09-18 09:00:00,32.7,0.5299132863836282,0.2,Electronics
S0052,Bengaluru,Bengaluru,Chennai,473,5.26,Critical,2026-09-20 17:00:00,Misplaced,78530,2026-09-17 21:00:00,7.3,0.45746891039534615,0.08,Clothing
S0053,Chennai,Chennai,Vijayawada,32,0.36,Normal,2026-09-21 01:00:00,Misplaced,14094,2026-09-17 06:00:00,9.0,0.2942798630441296,0.26,Electronics
S0054,Bengaluru,Bengaluru,Hyderabad,352,3.91,Normal,2026-09-20 23:00:00,Misplaced,56633,2026-09-18 03:00:00,11.9,0.26917649484530776,0.14,Automotive
S0055,Hyderabad,Hyderabad,Visakhapatnam,410,4.56,Normal,2026-09-20 13:00:00,Misplaced,67418,2026-09-18 07:00:00,12.9,0.4264996117324884,0.26,Documents
S0056,Chennai,Chennai,Vijayawada,458,5.09,Normal,2026-09-19 00:00:00,Misplaced,70385,2026-09-16 02:00:00,9.0,0.32774895814435306,0.26,Electronics
S0057,Bengaluru,Bengaluru,Hyderabad,220,2.44,Medium,2026-09-20 20:00:00,Misplaced,87162,2026-09-17 12:00:00,11.9,0.2891813328756361,0.14,Documents
S0058,Delhi,Delhi,Jaipur,83,0.92,Medium,2026-09-19 21:00:00,Misplaced,119281,2026-09-16 21:00:00,5.8,0.2837165387223184,0.14,Clothing
S0059,Delhi,Delhi,Jaipur,151,1.68,High,2026-09-20 22:00:00,Misplaced,75412,2026-09-17 01:00:00,5.8,0.3277128731835394,0.14,Other
S0060,Delhi,Delhi,Kolkata,412,4.58,High,2026-09-20 08:00:00,Misplaced,127768,2026-09-16 10:00:00,31.2,0.42083966468351675,0.14,Electronics
S0061,Chennai,Chennai,Vijayawada,425,4.72,Normal,2026-09-21 07:00:00,Misplaced,84162,2026-09-16 10:00:00,9.0,0.3330006542602702,0.26,Clothing
S0062,Delhi,Delhi,Jaipur,316,3.51,Medium,2026-09-19 19:00:00,Misplaced,46448,2026-09-17 17:00:00,5.8,0.33811958119472535,0.14,Other
S0063,Bengaluru,Bengaluru,Hyderabad,85,0.94,Medium,2026-09-21 10:00:00,Misplaced,42062,2026-09-16 02:00:00,11.9,0.34481801129229794,0.14,Documents
S0064,Delhi,Delhi,Kolkata,84,0.93,Normal,2026-09-21 04:00:00,Misplaced,55148,2026-09-17 12:00:00,31.2,0.2831846179896768,0.14,Electronics
S0065,Bengaluru,Bengaluru,Hyderabad,245,2.72,Medium,2026-09-19 18:00:00,Misplaced,93644,2026-09-16 03:00:00,11.9,0.28249989970598205,0.14,Documents
S0066,Delhi,Delhi,Kolkata,294,3.27,Medium,2026-09-20 04:00:00,Misplaced,43947,2026-09-17 10:00:00,31.2,0.26823185233613495,0.14,Medicine
S0067,Chennai,Chennai,Vijayawada,44,0.49,Medium,2026-09-20 08:00:00,Misplaced,137984,2026-09-18 07:00:00,9.0,0.4523231169500582,0.26,Consumer Goods
S0068,Hyderabad,Hyderabad,Visakhapatnam,338,3.76,Medium,2026-09-20 23:00:00,Misplaced,77180,2026-09-16 09:00:00,12.9,0.4602084150764085,0.26,Automotive
S0069,Mumbai,Mumbai,Ahmedabad,275,3.06,Critical,2026-09-20 18:00:00,Misplaced,130858,2026-09-18 12:00:00,11.0,0.5736886169587049,0.2,Consumer Goods
S0070,Chennai,Chennai,Kochi,35,0.39,Medium,2026-09-21 05:00:00,Misplaced,105656,2026-09-16 08:00:00,14.4,0.2939546529304454,0.08,Consumer Goods
S0071,Hyderabad,Hyderabad,Visakhapatnam,73,0.81,High,2026-09-19 21:00:00,Misplaced,56669,2026-09-18 11:00:00,12.9,0.4615863044117837,0.26,Medicine
S0072,Mumbai,Mumbai,Pune,234,2.6,Medium,2026-09-20 06:00:00,Misplaced,41955,2026-09-18 00:00:00,3.1,0.291860316948844,0.08,Consumer Goods
S0073,Bengaluru,Bengaluru,Hyderabad,355,3.94,Normal,2026-09-20 01:00:00,Misplaced,114152,2026-09-16 20:00:00,11.9,0.1744142849457822,0.14,Other
S0074,Mumbai,Mumbai,Pune,401,4.46,High,2026-09-21 09:00:00,Misplaced,56303,2026-09-15 20:00:00,3.1,0.2830288283081921,0.08,Automotive
S0075,Hyderabad,Hyderabad,Visakhapatnam,224,2.49,Critical,2026-09-19 17:00:00,Misplaced,44561,2026-09-17 09:00:00,12.9,0.640076001991094,0.26,Food
S0076,Delhi,Delhi,Kolkata,162,1.8,High,2026-09-20 11:00:00,Misplaced,140253,2026-09-18 06:00:00,31.2,0.3301277720281123,0.14,Other
S0077,Chennai,Chennai,Kochi,465,5.17,High,2026-09-19 04:00:00,Misplaced,77568,2026-09-17 22:00:00,14.4,0.2679210652100166,0.08,Medicine
S0078,Chennai,Chennai,Kochi,236,2.62,Normal,2026-09-21 05:00:00,Misplaced,16799,2026-09-15 23:00:00,14.4,0.10007781162485584,0.08,Automotive
S0079,Bengaluru,Bengaluru,Chennai,171,1.9,Medium,2026-09-19 22:00:00,Misplaced,79267,2026-09-16 11:00:00,7.3,0.22544749895413946,0.08,Consumer Goods
S0080,Chennai,Chennai,Kochi,229,2.54,Normal,2026-09-19 19:00:00,Misplaced,74507,2026-09-18 07:00:00,14.4,0.21619358219383447,0.08,Automotive
S0081,Mumbai,Mumbai,Ahmedabad,35,0.39,Normal,2026-09-20 11:00:00,Misplaced,130955,2026-09-17 11:00:00,11.0,0.22522575254198735,0.2,Other
S0082,Chennai,Chennai,Kochi,165,1.83,Medium,2026-09-20 05:00:00,Misplaced,109618,2026-09-17 20:00:00,14.4,0.2578386409698783,0.08,Automotive
S0083,Hyderabad,Hyderabad,Visakhapatnam,261,2.9,Normal,2026-09-21 04:00:00,Misplaced,36790,2026-09-18 02:00:00,12.9,0.403469097612428,0.26,Other
S0084,Bengaluru,Bengaluru,Chennai,443,4.92,High,2026-09-20 08:00:00,Misplaced,31063,2026-09-16 02:00:00,7.3,0.28520012728668065,0.08,Medicine
S0085,Hyderabad,Hyderabad,Visakhapatnam,362,4.02,Critical,2026-09-20 07:00:00,Misplaced,94503,2026-09-16 19:00:00,12.9,0.5820295602232107,0.26,Clothing
S0086,Hyderabad,Hyderabad,Visakhapatnam,381,4.23,High,2026-09-19 03:00:00,Misplaced,16632,2026-09-18 02:00:00,12.9,0.5691201460430804,0.26,Consumer Goods
S0087,Hyderabad,Hyderabad,Delhi,275,3.06,Normal,2026-09-18 22:00:00,Misplaced,54662,2026-09-16 16:00:00,32.7,0.3434686914925142,0.2,Electronics
S0088,Bengaluru,Bengaluru,Chennai,79,0.88,Medium,2026-09-19 23:00:00,Misplaced,29348,2026-09-17 09:00:00,7.3,0.24084126493962804,0.08,Electronics
S0089,Hyderabad,Hyderabad,Visakhapatnam,205,2.28,High,2026-09-21 14:00:00,Misplaced,12878,2026-09-18 10:00:00,12.9,0.562879981894097,0.26,Clothing
S0090,Hyderabad,Hyderabad,Delhi,478,5.31,Medium,2026-09-21 09:00:00,Misplaced,138635,2026-09-17 07:00:00,32.7,0.29391341161367424,0.2,Clothing
S0091,Hyderabad,Hyderabad,Delhi,49,0.54,High,2026-09-20 14:00:00,Misplaced,22574,2026-09-18 01:00:00,32.7,0.43917222769081316,0.2,Consumer Goods
S0092,Bengaluru,Bengaluru,Chennai,425,4.72,Normal,2026-09-20 14:00:00,Misplaced,11296,2026-09-17 21:00:00,7.3,0.21066963341595593,0.08,Medicine
S0093,Mumbai,Mumbai,Pune,338,3.76,Medium,2026-09-19 22:00:00,Misplaced,140604,2026-09-16 00:00:00,3.1,0.19861779389859452,0.08,Consumer Goods
S0094,Delhi,Delhi,Kolkata,157,1.74,Medium,2026-09-19 08:00:00,Misplaced,36365,2026-09-16 12:00:00,31.2,0.33284933716503295,0.14,Other
S0095,Mumbai,Mumbai,Ahmedabad,380,4.22,Medium,2026-09-18 21:00:00,Misplaced,124318,2026-09-18 05:00:00,11.0,0.3556267906586221,0.2,Medicine
S0096,Delhi,Delhi,Kolkata,406,4.51,Medium,2026-09-19 19:00:00,Misplaced,14379,2026-09-16 02:00:00,31.2,0.33253989819223495,0.14,Automotive
S0097,Chennai,Chennai,Kochi,49,0.54,Medium,2026-09-19 17:00:00,Misplaced,31497,2026-09-16 22:00:00,14.4,0.22970194567859942,0.08,Automotive
S0098,Mumbai,Mumbai,Ahmedabad,77,0.86,High,2026-09-19 09:00:00,Misplaced,25488,2026-09-16 00:00:00,11.0,0.43518565103327267,0.2,Other
S0099,Chennai,Chennai,Kochi,329,3.66,High,2026-09-19 14:00:00,Misplaced,108876,2026-09-16 09:00:00,14.4,0.2928783824717949,0.08,Food
S0100,Hyderabad,Hyderabad,Visakhapatnam,479,5.32,Normal,2026-09-18 22:00:00,Misplaced,96820,2026-09-17 14:00:00,12.9,0.3112569012152523,0.26,Automotive
S0101,Bengaluru,Bengaluru,Hyderabad,40,0.44,Normal,2026-09-20 13:00:00,Misplaced,76570,2026-09-17 01:00:00,11.9,0.2727236215857094,0.14,Clothing
S0102,Bengaluru,Bengaluru,Chennai,329,3.66,Normal,2026-09-21 10:00:00,Misplaced,43829,2026-09-17 01:00:00,7.3,0.11783655220509408,0.08,Medicine
S0103,Mumbai,Mumbai,Ahmedabad,91,1.01,High,2026-09-20 18:00:00,Misplaced,22440,2026-09-16 11:00:00,11.0,0.39289735251664176,0.2,Documents
S0104,Mumbai,Mumbai,Ahmedabad,322,3.58,Normal,2026-09-20 02:00:00,Misplaced,89689,2026-09-17 21:00:00,11.0,0.24644370475331953,0.2,Documents
S0105,Hyderabad,Hyderabad,Visakhapatnam,310,3.44,Normal,2026-09-20 00:00:00,Misplaced,42300,2026-09-17 15:00:00,12.9,0.3063019767180883,0.26,Clothing
S0106,Mumbai,Mumbai,Pune,70,0.78,Normal,2026-09-19 17:00:00,Misplaced,92627,2026-09-17 21:00:00,3.1,0.22346614342103496,0.08,Clothing
S0107,Hyderabad,Hyderabad,Delhi,336,3.73,Medium,2026-09-19 06:00:00,Misplaced,106245,2026-09-17 17:00:00,32.7,0.33977599352113186,0.2,Clothing
S0108,Hyderabad,Hyderabad,Visakhapatnam,433,4.81,High,2026-09-20 12:00:00,Misplaced,128920,2026-09-18 03:00:00,12.9,0.5885582686040723,0.26,Documents
S0109,Delhi,Delhi,Jaipur,418,4.64,High,2026-09-20 10:00:00,Misplaced,79157,2026-09-18 12:00:00,5.8,0.34058168866859184,0.14,Other
S0110,Hyderabad,Hyderabad,Delhi,43,0.48,Normal,2026-09-18 21:00:00,Misplaced,10663,2026-09-15 20:00:00,32.7,0.3180309738540465,0.2,Automotive
S0111,Bengaluru,Bengaluru,Chennai,140,1.56,Medium,2026-09-20 00:00:00,Misplaced,49293,2026-09-18 09:00:00,7.3,0.2273094260801876,0.08,Automotive
S0112,Hyderabad,Hyderabad,Delhi,138,1.53,High,2026-09-19 15:00:00,Misplaced,129471,2026-09-15 23:00:00,32.7,0.4389377265045611,0.2,Clothing
S0113,Mumbai,Mumbai,Pune,233,2.59,Medium,2026-09-19 08:00:00,Misplaced,84655,2026-09-18 14:00:00,3.1,0.29126262985811235,0.08,Electronics
S0114,Hyderabad,Hyderabad,Delhi,94,1.04,Medium,2026-09-20 19:00:00,Misplaced,96676,2026-09-16 07:00:00,32.7,0.42633934687426,0.2,Documents
S0115,Bengaluru,Bengaluru,Chennai,414,4.6,High,2026-09-20 07:00:00,Misplaced,74095,2026-09-17 15:00:00,7.3,0.3909288438161268,0.08,Documents
S0116,Mumbai,Mumbai,Pune,379,4.21,Normal,2026-09-20 14:00:00,Misplaced,32784,2026-09-17 02:00:00,3.1,0.12884510185526996,0.08,Clothing
S0117,Delhi,Delhi,Kolkata,393,4.37,Normal,2026-09-20 20:00:00,Misplaced,135538,2026-09-17 18:00:00,31.2,0.19311968818134012,0.14,Food
S0118,Mumbai,Mumbai,Ahmedabad,119,1.32,Normal,2026-09-21 13:00:00,Misplaced,118211,2026-09-17 04:00:00,11.0,0.3184110818642595,0.2,Food
S0119,Mumbai,Mumbai,Ahmedabad,36,0.4,Medium,2026-09-21 01:00:00,Misplaced,149325,2026-09-17 06:00:00,11.0,0.3233625372457288,0.2,Automotive
S0120,Chennai,Chennai,Kochi,439,4.88,Medium,2026-09-20 13:00:00,Misplaced,129768,2026-09-17 01:00:00,14.4,0.27020876961708695,0.08,Clothing
S0121,Delhi,Delhi,Kolkata,160,1.78,Medium,2026-09-21 07:00:00,Misplaced,50758,2026-09-17 11:00:00,31.2,0.30496309762144674,0.14,Documents
S0122,Delhi,Delhi,Kolkata,325,3.61,Medium,2026-09-20 04:00:00,Misplaced,45596,2026-09-17 00:00:00,31.2,0.3026363152735605,0.14,Clothing
S0123,Hyderabad,Hyderabad,Delhi,439,4.88,High,2026-09-21 13:00:00,Misplaced,44786,2026-09-16 04:00:00,32.7,0.5042820387258179,0.2,Other
S0124,Mumbai,Mumbai,Ahmedabad,46,0.51,Medium,2026-09-20 23:00:00,Misplaced,138631,2026-09-17 08:00:00,11.0,0.3865799157614017,0.2,Other
S0125,Bengaluru,Bengaluru,Chennai,32,0.36,Critical,2026-09-20 15:00:00,Misplaced,87970,2026-09-17 13:00:00,7.3,0.38398666474959375,0.08,Clothing
S0126,Chennai,Chennai,Vijayawada,32,0.36,Medium,2026-09-21 08:00:00,Misplaced,73624,2026-09-18 05:00:00,9.0,0.34741887057190235,0.26,Food
S0127,Chennai,Chennai,Vijayawada,100,1.11,Medium,2026-09-20 06:00:00,Misplaced,145556,2026-09-17 13:00:00,9.0,0.4302337678684024,0.26,Consumer Goods
S0128,Mumbai,Mumbai,Pune,53,0.59,High,2026-09-20 20:00:00,Misplaced,94479,2026-09-18 06:00:00,3.1,0.33292881134334135,0.08,Automotive
S0129,Mumbai,Mumbai,Ahmedabad,398,4.42,High,2026-09-19 15:00:00,Misplaced,137320,2026-09-18 02:00:00,11.0,0.4190276983014487,0.2,Clothing
S0130,Mumbai,Mumbai,Ahmedabad,302,3.36,Medium,2026-09-21 12:00:00,Misplaced,147850,2026-09-15 19:00:00,11.0,0.34279841309722026,0.2,Documents
S0131,Chennai,Chennai,Vijayawada,471,5.23,High,2026-09-20 14:00:00,Misplaced,21122,2026-09-18 08:00:00,9.0,0.5536865478099291,0.26,Food
S0132,Mumbai,Mumbai,Ahmedabad,390,4.33,Normal,2026-09-21 00:00:00,Misplaced,60615,2026-09-17 04:00:00,11.0,0.3439917226986895,0.2,Consumer Goods
S0133,Hyderabad,Hyderabad,Delhi,463,5.14,Medium,2026-09-20 03:00:00,Misplaced,112779,2026-09-16 03:00:00,32.7,0.36418346018350667,0.2,Medicine
S0134,Delhi,Delhi,Jaipur,137,1.52,Medium,2026-09-21 06:00:00,Misplaced,123842,2026-09-15 19:00:00,5.8,0.27780542212856546,0.14,Clothing
S0135,Bengaluru,Bengaluru,Hyderabad,159,1.77,Medium,2026-09-19 01:00:00,Misplaced,30787,2026-09-18 04:00:00,11.9,0.26060451422426606,0.14,Automotive
S0136,Delhi,Delhi,Kolkata,412,4.58,Critical,2026-09-19 04:00:00,Misplaced,54575,2026-09-18 03:00:00,31.2,0.518287770615388,0.14,Automotive
S0137,Chennai,Chennai,Kochi,140,1.56,Normal,2026-09-20 06:00:00,Misplaced,86744,2026-09-17 12:00:00,14.4,0.14721244278465714,0.08,Consumer Goods
S0138,Mumbai,Mumbai,Pune,55,0.61,Medium,2026-09-20 21:00:00,Misplaced,121889,2026-09-16 23:00:00,3.1,0.24461427055708346,0.08,Electronics
S0139,Delhi,Delhi,Jaipur,331,3.68,Normal,2026-09-21 02:00:00,Misplaced,25815,2026-09-15 18:00:00,5.8,0.26149785737644565,0.14,Consumer Goods
S0140,Chennai,Chennai,Vijayawada,390,4.33,High,2026-09-20 02:00:00,Misplaced,94102,2026-09-18 00:00:00,9.0,0.44991188163790924,0.26,Clothing
S0141,Delhi,Delhi,Kolkata,465,5.17,Medium,2026-09-20 15:00:00,Misplaced,51502,2026-09-18 03:00:00,31.2,0.22016011975341213,0.14,Food
S0142,Mumbai,Mumbai,Ahmedabad,447,4.97,Medium,2026-09-20 09:00:00,Misplaced,40289,2026-09-17 21:00:00,11.0,0.31184157082611147,0.2,Electronics
S0143,Chennai,Chennai,Kochi,84,0.93,Normal,2026-09-21 12:00:00,Misplaced,82155,2026-09-16 00:00:00,14.4,0.23417672465781716,0.08,Automotive
S0144,Mumbai,Mumbai,Ahmedabad,377,4.19,Medium,2026-09-20 16:00:00,Misplaced,67963,2026-09-18 12:00:00,11.0,0.37694361448428393,0.2,Electronics
S0145,Bengaluru,Bengaluru,Chennai,410,4.56,Medium,2026-09-20 00:00:00,Misplaced,98999,2026-09-17 12:00:00,7.3,0.18579405279055344,0.08,Food
S0146,Bengaluru,Bengaluru,Chennai,344,3.82,High,2026-09-21 13:00:00,Misplaced,54468,2026-09-18 06:00:00,7.3,0.3935395942735428,0.08,Clothing
S0147,Chennai,Chennai,Kochi,398,4.42,Medium,2026-09-19 04:00:00,Misplaced,125258,2026-09-18 03:00:00,14.4,0.23049339104310101,0.08,Medicine
S0148,Chennai,Chennai,Kochi,407,4.52,Medium,2026-09-21 13:00:00,Misplaced,20935,2026-09-15 21:00:00,14.4,0.2314137635017991,0.08,Clothing
S0149,Chennai,Chennai,Vijayawada,230,2.56,Medium,2026-09-19 07:00:00,Misplaced,130663,2026-09-18 14:00:00,9.0,0.4803312915763983,0.26,Electronics
S0150,Chennai,Chennai,Kochi,48,0.53,Critical,2026-09-19 16:00:00,Misplaced,14176,2026-09-17 16:00:00,14.4,0.388923003827501,0.08,Other
S0151,Hyderabad,Hyderabad,Delhi,235,2.61,Normal,2026-09-21 03:00:00,Misplaced,113025,2026-09-15 22:00:00,32.7,0.25227674119430776,0.2,Clothing
S0152,Mumbai,Mumbai,Ahmedabad,120,1.33,Normal,2026-09-20 21:00:00,Misplaced,58507,2026-09-16 19:00:00,11.0,0.30786569877320835,0.2,Food
S0153,Delhi,Delhi,Jaipur,81,0.9,High,2026-09-21 13:00:00,Misplaced,63666,2026-09-18 09:00:00,5.8,0.3493229764373006,0.14,Consumer Goods
S0154,Hyderabad,Hyderabad,Visakhapatnam,86,0.96,Medium,2026-09-20 22:00:00,Misplaced,12664,2026-09-17 05:00:00,12.9,0.4419290513813437,0.26,Medicine
S0155,Chennai,Chennai,Kochi,343,3.81,High,2026-09-20 15:00:00,Misplaced,108294,2026-09-15 18:00:00,14.4,0.29211384340050806,0.08,Medicine
S0156,Mumbai,Mumbai,Pune,257,2.86,Normal,2026-09-19 19:00:00,Misplaced,33168,2026-09-17 10:00:00,3.1,0.11487354558982216,0.08,Other
S0157,Bengaluru,Bengaluru,Chennai,272,3.02,High,2026-09-18 21:00:00,Misplaced,102281,2026-09-17 01:00:00,7.3,0.29104777394612596,0.08,Documents
S0158,Hyderabad,Hyderabad,Delhi,365,4.06,Normal,2026-09-19 05:00:00,Misplaced,111525,2026-09-17 01:00:00,32.7,0.28341010514080933,0.2,Electronics
S0159,Delhi,Delhi,Kolkata,276,3.07,Normal,2026-09-19 16:00:00,Misplaced,128333,2026-09-16 16:00:00,31.2,0.186420744875962,0.14,Food
S0160,Hyderabad,Hyderabad,Visakhapatnam,313,3.48,Normal,2026-09-18 23:00:00,Misplaced,109132,2026-09-18 01:00:00,12.9,0.30020380373850214,0.26,Electronics
S0161,Delhi,Delhi,Jaipur,68,0.76,High,2026-09-20 06:00:00,Misplaced,52210,2026-09-16 03:00:00,5.8,0.4490422829328411,0.14,Automotive
S0162,Hyderabad,Hyderabad,Visakhapatnam,413,4.59,Normal,2026-09-21 00:00:00,Misplaced,113401,2026-09-15 16:00:00,12.9,0.3280595805395962,0.26,Food
S0163,Chennai,Chennai,Kochi,231,2.57,High,2026-09-21 12:00:00,Misplaced,125633,2026-09-18 04:00:00,14.4,0.31411380297773805,0.08,Food
S0164,Chennai,Chennai,Vijayawada,99,1.1,Critical,2026-09-20 05:00:00,Misplaced,54401,2026-09-16 04:00:00,9.0,0.5682905614251842,0.26,Consumer Goods
S0165,Bengaluru,Bengaluru,Chennai,395,4.39,Medium,2026-09-21 06:00:00,Misplaced,27384,2026-09-16 04:00:00,7.3,0.21360544352530814,0.08,Electronics
S0166,Bengaluru,Bengaluru,Chennai,360,4.0,Medium,2026-09-21 14:00:00,Misplaced,134602,2026-09-16 10:00:00,7.3,0.19972107659823696,0.08,Other
S0167,Delhi,Delhi,Kolkata,53,0.59,Normal,2026-09-21 05:00:00,Misplaced,30711,2026-09-17 12:00:00,31.2,0.2515727601012683,0.14,Clothing
S0168,Chennai,Chennai,Vijayawada,116,1.29,Normal,2026-09-20 03:00:00,Misplaced,93136,2026-09-17 05:00:00,9.0,0.31080854465086105,0.26,Documents
S0169,Mumbai,Mumbai,Ahmedabad,37,0.41,Medium,2026-09-19 18:00:00,Misplaced,43079,2026-09-16 03:00:00,11.0,0.4132548179594261,0.2,Electronics
S0170,Bengaluru,Bengaluru,Hyderabad,151,1.68,Normal,2026-09-21 13:00:00,Misplaced,27643,2026-09-18 04:00:00,11.9,0.2994499931379333,0.14,Clothing
S0171,Hyderabad,Hyderabad,Delhi,74,0.82,High,2026-09-19 12:00:00,Misplaced,118698,2026-09-16 04:00:00,32.7,0.39497465857651853,0.2,Documents
S0172,Bengaluru,Bengaluru,Chennai,349,3.88,Medium,2026-09-20 00:00:00,Misplaced,30120,2026-09-15 21:00:00,7.3,0.17611044344328658,0.08,Electronics
S0173,Mumbai,Mumbai,Pune,265,2.94,High,2026-09-19 01:00:00,Misplaced,103831,2026-09-16 14:00:00,3.1,0.2772989657166482,0.08,Documents
S0174,Bengaluru,Bengaluru,Chennai,471,5.23,Normal,2026-09-21 01:00:00,Misplaced,107033,2026-09-17 14:00:00,7.3,0.19293538844654678,0.08,Food
S0175,Hyderabad,Hyderabad,Visakhapatnam,367,4.08,High,2026-09-20 15:00:00,Misplaced,18431,2026-09-16 23:00:00,12.9,0.45829534463144345,0.26,Documents
S0176,Bengaluru,Bengaluru,Chennai,305,3.39,Critical,2026-09-19 02:00:00,Misplaced,34212,2026-09-18 11:00:00,7.3,0.5078573476895399,0.08,Automotive
S0177,Bengaluru,Bengaluru,Chennai,259,2.88,Medium,2026-09-19 11:00:00,Misplaced,121210,2026-09-15 20:00:00,7.3,0.27314072724068383,0.08,Documents
S0178,Bengaluru,Bengaluru,Hyderabad,54,0.6,Normal,2026-09-20 09:00:00,Misplaced,81020,2026-09-17 14:00:00,11.9,0.28297132873570363,0.14,Electronics
S0179,Bengaluru,Bengaluru,Hyderabad,61,0.68,Normal,2026-09-20 08:00:00,Misplaced,26989,2026-09-18 10:00:00,11.9,0.23890907903290315,0.14,Automotive
S0180,Delhi,Delhi,Jaipur,307,3.41,Normal,2026-09-21 01:00:00,Misplaced,148848,2026-09-16 06:00:00,5.8,0.309501581727873,0.14,Food
S0181,Mumbai,Mumbai,Ahmedabad,31,0.34,Normal,2026-09-19 14:00:00,Misplaced,47098,2026-09-16 16:00:00,11.0,0.2266262654416242,0.2,Electronics
S0182,Mumbai,Mumbai,Pune,49,0.54,Normal,2026-09-21 10:00:00,Misplaced,10561,2026-09-16 18:00:00,3.1,0.16018974462791702,0.08,Food
S0183,Bengaluru,Bengaluru,Chennai,128,1.42,Medium,2026-09-20 02:00:00,Misplaced,139383,2026-09-18 11:00:00,7.3,0.2085905003406454,0.08,Automotive
S0184,Bengaluru,Bengaluru,Chennai,427,4.74,Medium,2026-09-21 03:00:00,Misplaced,12321,2026-09-16 09:00:00,7.3,0.3022968248068961,0.08,Electronics
S0185,Hyderabad,Hyderabad,Delhi,236,2.62,Normal,2026-09-19 12:00:00,Misplaced,87470,2026-09-16 17:00:00,32.7,0.3065291437746389,0.2,Clothing
S0186,Bengaluru,Bengaluru,Hyderabad,349,3.88,Normal,2026-09-18 23:00:00,Misplaced,149031,2026-09-16 06:00:00,11.9,0.28092864481670876,0.14,Consumer Goods
S0187,Mumbai,Mumbai,Pune,215,2.39,Medium,2026-09-19 00:00:00,Misplaced,90893,2026-09-16 04:00:00,3.1,0.18555117904877783,0.08,Documents
S0188,Delhi,Delhi,Kolkata,107,1.19,High,2026-09-19 21:00:00,Misplaced,91849,2026-09-17 23:00:00,31.2,0.46679512158506586,0.14,Clothing
S0189,Delhi,Delhi,Jaipur,197,2.19,Normal,2026-09-21 11:00:00,Misplaced,64344,2026-09-18 00:00:00,5.8,0.23479593203144727,0.14,Electronics
S0190,Mumbai,Mumbai,Ahmedabad,71,0.79,High,2026-09-19 00:00:00,Misplaced,27767,2026-09-15 21:00:00,11.0,0.4540508114405969,0.2,Medicine
S0191,Chennai,Chennai,Vijayawada,376,4.18,Normal,2026-09-19 21:00:00,Misplaced,90176,2026-09-17 01:00:00,9.0,0.4256327092818607,0.26,Automotive
S0192,Mumbai,Mumbai,Ahmedabad,112,1.24,High,2026-09-19 04:00:00,Misplaced,135622,2026-09-17 07:00:00,11.0,0.43710985418257176,0.2,Automotive
S0193,Hyderabad,Hyderabad,Visakhapatnam,199,2.21,High,2026-09-21 10:00:00,Misplaced,22754,2026-09-17 18:00:00,12.9,0.49962875368324894,0.26,Electronics
S0194,Bengaluru,Bengaluru,Chennai,471,5.23,Normal,2026-09-20 17:00:00,Misplaced,133253,2026-09-16 17:00:00,7.3,0.18771290542074048,0.08,Documents
S0195,Delhi,Delhi,Jaipur,296,3.29,High,2026-09-20 23:00:00,Misplaced,68106,2026-09-16 09:00:00,5.8,0.339207891582168,0.14,Consumer Goods
S0196,Hyderabad,Hyderabad,Visakhapatnam,236,2.62,High,2026-09-20 20:00:00,Misplaced,85068,2026-09-18 14:00:00,12.9,0.4881628439617782,0.26,Clothing
S0197,Mumbai,Mumbai,Pune,274,3.04,Medium,2026-09-20 16:00:00,Misplaced,33156,2026-09-16 23:00:00,3.1,0.18898124836676958,0.08,Medicine
S0198,Chennai,Chennai,Vijayawada,382,4.24,Normal,2026-09-21 00:00:00,Misplaced,97050,2026-09-15 16:00:00,9.0,0.29549252186605746,0.26,Documents
S0199,Bengaluru,Bengaluru,Hyderabad,144,1.6,High,2026-09-18 21:00:00,Misplaced,35529,2026-09-17 19:00:00,11.9,0.449921690949653,0.14,Electronics
S0200,Delhi,Delhi,Jaipur,316,3.51,Medium,2026-09-21 06:00:00,Misplaced,48246,2026-09-17 19:00:00,5.8,0.30839967491912146,0.14,Automotive
S0201,Delhi,Delhi,Jaipur,422,4.69,Normal,2026-09-20 21:00:00,Misplaced,111025,2026-09-16 00:00:00,5.8,0.2138009187291867,0.14,Automotive
S0202,Bengaluru,Bengaluru,Chennai,287,3.19,Normal,2026-09-20 21:00:00,Misplaced,17072,2026-09-18 10:00:00,7.3,0.16130040660500694,0.08,Documents
S0203,Chennai,Chennai,Kochi,230,2.56,Medium,2026-09-19 22:00:00,Misplaced,72605,2026-09-17 10:00:00,14.4,0.22472785055310318,0.08,Food
S0204,Delhi,Delhi,Jaipur,95,1.06,High,2026-09-21 01:00:00,Misplaced,93239,2026-09-17 06:00:00,5.8,0.41497237732170644,0.14,Electronics
S0205,Hyderabad,Hyderabad,Delhi,141,1.57,Critical,2026-09-19 22:00:00,Misplaced,28484,2026-09-16 06:00:00,32.7,0.639015408723349,0.2,Food
S0206,Chennai,Chennai,Vijayawada,455,5.06,High,2026-09-19 00:00:00,Misplaced,51265,2026-09-18 05:00:00,9.0,0.5799169429485473,0.26,Food
S0207,Chennai,Chennai,Vijayawada,273,3.03,High,2026-09-21 08:00:00,Misplaced,58090,2026-09-17 08:00:00,9.0,0.4987237969295995,0.26,Electronics
S0208,Hyderabad,Hyderabad,Delhi,165,1.83,Normal,2026-09-19 12:00:00,Misplaced,102906,2026-09-18 04:00:00,32.7,0.2693893689396654,0.2,Electronics
S0209,Delhi,Delhi,Kolkata,218,2.42,High,2026-09-19 03:00:00,Misplaced,146739,2026-09-16 07:00:00,31.2,0.3876569750277883,0.14,Electronics
S0210,Hyderabad,Hyderabad,Delhi,290,3.22,Medium,2026-09-20 14:00:00,Misplaced,127074,2026-09-16 18:00:00,32.7,0.3651901345642739,0.2,Automotive
S0211,Hyderabad,Hyderabad,Delhi,271,3.01,Normal,2026-09-19 12:00:00,Misplaced,36567,2026-09-17 03:00:00,32.7,0.28927268671746226,0.2,Food
S0212,Chennai,Chennai,Vijayawada,344,3.82,Medium,2026-09-21 05:00:00,Misplaced,12542,2026-09-17 11:00:00,9.0,0.4388130114725052,0.26,Automotive
S0213,Mumbai,Mumbai,Ahmedabad,145,1.61,High,2026-09-20 02:00:00,Misplaced,17267,2026-09-18 04:00:00,11.0,0.46315985350696454,0.2,Clothing
S0214,Chennai,Chennai,Vijayawada,322,3.58,Normal,2026-09-18 21:00:00,Misplaced,93399,2026-09-15 21:00:00,9.0,0.32810733200411146,0.26,Electronics
S0215,Chennai,Chennai,Kochi,229,2.54,Normal,2026-09-21 11:00:00,Misplaced,31876,2026-09-16 17:00:00,14.4,0.1518596208643949,0.08,Other
S0216,Bengaluru,Bengaluru,Chennai,453,5.03,Normal,2026-09-20 06:00:00,Misplaced,42379,2026-09-17 16:00:00,7.3,0.15678891813395965,0.08,Documents
S0217,Hyderabad,Hyderabad,Visakhapatnam,101,1.12,High,2026-09-19 14:00:00,Misplaced,128634,2026-09-17 09:00:00,12.9,0.4541959652374083,0.26,Electronics
S0218,Mumbai,Mumbai,Ahmedabad,96,1.07,High,2026-09-20 17:00:00,Misplaced,132344,2026-09-16 11:00:00,11.0,0.404909394862096,0.2,Food
S0219,Bengaluru,Bengaluru,Hyderabad,237,2.63,Normal,2026-09-20 08:00:00,Misplaced,127464,2026-09-16 11:00:00,11.9,0.26846707032180794,0.14,Electronics
S0220,Hyderabad,Hyderabad,Visakhapatnam,258,2.87,Medium,2026-09-18 22:00:00,Misplaced,45513,2026-09-17 06:00:00,12.9,0.39836450672831203,0.26,Food
S0221,Bengaluru,Bengaluru,Chennai,340,3.78,Medium,2026-09-20 23:00:00,Misplaced,96755,2026-09-17 17:00:00,7.3,0.19218084588402154,0.08,Food
S0222,Chennai,Chennai,Kochi,211,2.34,Medium,2026-09-19 23:00:00,Misplaced,95507,2026-09-16 16:00:00,14.4,0.2444008615862286,0.08,Electronics
S0223,Chennai,Chennai,Kochi,441,4.9,Normal,2026-09-20 19:00:00,Misplaced,35934,2026-09-16 16:00:00,14.4,0.21333093137101408,0.08,Medicine
S0224,Bengaluru,Bengaluru,Hyderabad,243,2.7,Normal,2026-09-21 08:00:00,Misplaced,87495,2026-09-16 20:00:00,11.9,0.19861335435180572,0.14,Automotive
S0225,Mumbai,Mumbai,Ahmedabad,88,0.98,High,2026-09-20 13:00:00,Misplaced,83535,2026-09-18 09:00:00,11.0,0.5040184822885616,0.2,Clothing
S0226,Delhi,Delhi,Kolkata,83,0.92,Normal,2026-09-20 17:00:00,Misplaced,65463,2026-09-17 05:00:00,31.2,0.29912572894375744,0.14,Food
S0227,Hyderabad,Hyderabad,Delhi,468,5.2,Critical,2026-09-19 13:00:00,Misplaced,115232,2026-09-16 19:00:00,32.7,0.5896091793610762,0.2,Documents
S0228,Mumbai,Mumbai,Ahmedabad,90,1.0,Medium,2026-09-19 12:00:00,Misplaced,104866,2026-09-15 19:00:00,11.0,0.38034214884873696,0.2,Food
S0229,Delhi,Delhi,Kolkata,456,5.07,Medium,2026-09-20 00:00:00,Misplaced,84571,2026-09-17 01:00:00,31.2,0.22788639854845832,0.14,Other
S0230,Chennai,Chennai,Kochi,155,1.72,High,2026-09-21 05:00:00,Misplaced,111607,2026-09-17 14:00:00,14.4,0.401827983653286,0.08,Electronics
S0231,Chennai,Chennai,Vijayawada,72,0.8,High,2026-09-20 07:00:00,Misplaced,116835,2026-09-16 23:00:00,9.0,0.49887271013974155,0.26,Consumer Goods
S0232,Bengaluru,Bengaluru,Chennai,167,1.86,Medium,2026-09-19 19:00:00,Misplaced,89371,2026-09-18 02:00:00,7.3,0.2985850600818145,0.08,Documents
S0233,Bengaluru,Bengaluru,Hyderabad,306,3.4,Normal,2026-09-21 00:00:00,Misplaced,47474,2026-09-18 08:00:00,11.9,0.24684662871253638,0.14,Medicine
S0234,Bengaluru,Bengaluru,Chennai,222,2.47,Medium,2026-09-21 05:00:00,Misplaced,116179,2026-09-16 14:00:00,7.3,0.16069281982649913,0.08,Other
S0235,Mumbai,Mumbai,Pune,383,4.26,Normal,2026-09-21 08:00:00,Misplaced,110465,2026-09-15 16:00:00,3.1,0.10578129989851537,0.08,Food
S0236,Mumbai,Mumbai,Pune,304,3.38,Normal,2026-09-19 16:00:00,Misplaced,147678,2026-09-16 02:00:00,3.1,0.2020628208504883,0.08,Automotive
S0237,Mumbai,Mumbai,Ahmedabad,210,2.33,Medium,2026-09-20 19:00:00,Misplaced,30969,2026-09-16 21:00:00,11.0,0.36440020207478996,0.2,Clothing
S0238,Chennai,Chennai,Kochi,315,3.5,Normal,2026-09-20 11:00:00,Misplaced,68698,2026-09-18 12:00:00,14.4,0.10397986558091116,0.08,Clothing
S0239,Chennai,Chennai,Kochi,467,5.19,Critical,2026-09-20 02:00:00,Misplaced,139391,2026-09-15 16:00:00,14.4,0.4915189941833578,0.08,Medicine
S0240,Hyderabad,Hyderabad,Delhi,215,2.39,High,2026-09-19 23:00:00,Misplaced,82041,2026-09-17 07:00:00,32.7,0.5078218005603773,0.2,Documents
S0241,Hyderabad,Hyderabad,Delhi,99,1.1,Normal,2026-09-19 04:00:00,Misplaced,141967,2026-09-17 18:00:00,32.7,0.29446262236589626,0.2,Consumer Goods
S0242,Hyderabad,Hyderabad,Delhi,213,2.37,Normal,2026-09-19 15:00:00,Misplaced,11745,2026-09-15 23:00:00,32.7,0.28986361605358824,0.2,Other
S0243,Chennai,Chennai,Vijayawada,408,4.53,High,2026-09-20 09:00:00,Misplaced,14923,2026-09-16 10:00:00,9.0,0.44082096632519413,0.26,Automotive
S0244,Hyderabad,Hyderabad,Visakhapatnam,127,1.41,Medium,2026-09-21 07:00:00,Misplaced,121443,2026-09-16 09:00:00,12.9,0.4579974568740399,0.26,Consumer Goods
S0245,Delhi,Delhi,Jaipur,457,5.08,Medium,2026-09-21 06:00:00,Misplaced,60180,2026-09-17 19:00:00,5.8,0.26960741001191585,0.14,Automotive
S0246,Hyderabad,Hyderabad,Visakhapatnam,294,3.27,Normal,2026-09-19 09:00:00,Misplaced,82832,2026-09-15 16:00:00,12.9,0.41181454296738096,0.26,Other
S0247,Bengaluru,Bengaluru,Chennai,300,3.33,Medium,2026-09-20 17:00:00,Misplaced,69921,2026-09-17 06:00:00,7.3,0.21595908813370795,0.08,Documents
S0248,Hyderabad,Hyderabad,Visakhapatnam,172,1.91,Medium,2026-09-19 02:00:00,Misplaced,67114,2026-09-17 01:00:00,12.9,0.42476168659460584,0.26,Other
S0249,Chennai,Chennai,Vijayawada,444,4.93,Medium,2026-09-20 17:00:00,Misplaced,141526,2026-09-16 09:00:00,9.0,0.38055126822989915,0.26,Consumer Goods
S0250,Bengaluru,Bengaluru,Chennai,46,0.51,Medium,2026-09-19 19:00:00,Misplaced,23170,2026-09-16 16:00:00,7.3,0.1840882468877378,0.08,Documents
S0251,Hyderabad,Hyderabad,Visakhapatnam,164,1.82,Normal,2026-09-20 02:00:00,Misplaced,118110,2026-09-18 02:00:00,12.9,0.3962361855071992,0.26,Food
S0252,Chennai,Chennai,Vijayawada,218,2.42,Normal,2026-09-20 20:00:00,Misplaced,134551,2026-09-17 17:00:00,9.0,0.35448857182694227,0.26,Automotive
S0253,Delhi,Delhi,Jaipur,244,2.71,Medium,2026-09-20 01:00:00,Misplaced,102037,2026-09-17 13:00:00,5.8,0.30047318856283767,0.14,Documents
S0254,Hyderabad,Hyderabad,Visakhapatnam,243,2.7,High,2026-09-21 02:00:00,Misplaced,65301,2026-09-15 19:00:00,12.9,0.5848123930222603,0.26,Medicine
S0255,Chennai,Chennai,Vijayawada,96,1.07,High,2026-09-20 08:00:00,Misplaced,32401,2026-09-16 12:00:00,9.0,0.584536986833323,0.26,Clothing
S0256,Hyderabad,Hyderabad,Delhi,131,1.46,Normal,2026-09-21 14:00:00,Misplaced,105561,2026-09-17 12:00:00,32.7,0.34834631825536055,0.2,Medicine
S0257,Chennai,Chennai,Kochi,72,0.8,Normal,2026-09-20 15:00:00,Misplaced,75631,2026-09-16 10:00:00,14.4,0.12814139391475504,0.08,Consumer Goods
S0258,Hyderabad,Hyderabad,Delhi,287,3.19,High,2026-09-19 16:00:00,Misplaced,30912,2026-09-16 10:00:00,32.7,0.469140904145237,0.2,Automotive
S0259,Chennai,Chennai,Kochi,187,2.08,Critical,2026-09-21 00:00:00,Misplaced,60351,2026-09-17 11:00:00,14.4,0.5117221136983306,0.08,Automotive
S0260,Bengaluru,Bengaluru,Hyderabad,284,3.16,Medium,2026-09-19 23:00:00,Misplaced,144616,2026-09-17 10:00:00,11.9,0.2761695904673407,0.14,Automotive
S0261,Bengaluru,Bengaluru,Hyderabad,295,3.28,High,2026-09-20 08:00:00,Misplaced,47153,2026-09-15 23:00:00,11.9,0.33516592489033775,0.14,Automotive
S0262,Bengaluru,Bengaluru,Hyderabad,345,3.83,Normal,2026-09-19 06:00:00,Misplaced,34981,2026-09-16 23:00:00,11.9,0.28164443533598826,0.14,Automotive
S0263,Delhi,Delhi,Jaipur,276,3.07,Medium,2026-09-19 04:00:00,Misplaced,105476,2026-09-18 04:00:00,5.8,0.2922645327043258,0.14,Automotive
S0264,Hyderabad,Hyderabad,Delhi,321,3.57,High,2026-09-20 10:00:00,Misplaced,37935,2026-09-16 11:00:00,32.7,0.4646589020538768,0.2,Consumer Goods
S0265,Chennai,Chennai,Kochi,294,3.27,Normal,2026-09-19 09:00:00,Misplaced,138787,2026-09-16 21:00:00,14.4,0.24732164444767665,0.08,Documents
S0266,Chennai,Chennai,Vijayawada,323,3.59,High,2026-09-21 14:00:00,Misplaced,130257,2026-09-17 02:00:00,9.0,0.5310817145741108,0.26,Consumer Goods
S0267,Bengaluru,Bengaluru,Chennai,307,3.41,High,2026-09-21 05:00:00,Misplaced,147694,2026-09-16 11:00:00,7.3,0.3237469078499152,0.08,Clothing
S0268,Chennai,Chennai,Vijayawada,172,1.91,High,2026-09-20 19:00:00,Misplaced,137761,2026-09-15 22:00:00,9.0,0.49549765517707967,0.26,Documents
S0269,Bengaluru,Bengaluru,Chennai,140,1.56,High,2026-09-20 21:00:00,Misplaced,44126,2026-09-17 15:00:00,7.3,0.32264289389810685,0.08,Other
S0270,Mumbai,Mumbai,Pune,384,4.27,Critical,2026-09-20 12:00:00,Misplaced,39700,2026-09-17 09:00:00,3.1,0.39775986247680034,0.08,Medicine
S0271,Chennai,Chennai,Vijayawada,184,2.04,Critical,2026-09-19 00:00:00,Misplaced,57969,2026-09-18 01:00:00,9.0,0.6792125837626358,0.26,Clothing
S0272,Hyderabad,Hyderabad,Visakhapatnam,277,3.08,High,2026-09-19 22:00:00,Misplaced,75772,2026-09-16 17:00:00,12.9,0.5656575287280562,0.26,Electronics
S0273,Hyderabad,Hyderabad,Visakhapatnam,118,1.31,Critical,2026-09-20 05:00:00,Misplaced,133199,2026-09-17 10:00:00,12.9,0.6026595701860114,0.26,Electronics
S0274,Mumbai,Mumbai,Ahmedabad,224,2.49,Medium,2026-09-21 09:00:00,Misplaced,112689,2026-09-17 14:00:00,11.0,0.32556949276149166,0.2,Documents
S0275,Hyderabad,Hyderabad,Delhi,268,2.98,Normal,2026-09-19 11:00:00,Misplaced,100220,2026-09-16 13:00:00,32.7,0.35115013845022197,0.2,Medicine
S0276,Bengaluru,Bengaluru,Chennai,311,3.46,Medium,2026-09-20 05:00:00,Misplaced,132971,2026-09-17 10:00:00,7.3,0.16359555332919332,0.08,Documents
S0277,Bengaluru,Bengaluru,Chennai,266,2.96,Medium,2026-09-19 19:00:00,Misplaced,100424,2026-09-17 06:00:00,7.3,0.23806861656508416,0.08,Documents
S0278,Hyderabad,Hyderabad,Delhi,192,2.13,Medium,2026-09-19 05:00:00,Misplaced,63067,2026-09-17 07:00:00,32.7,0.3495513572022252,0.2,Other
S0279,Delhi,Delhi,Jaipur,462,5.13,Normal,2026-09-19 03:00:00,Misplaced,67820,2026-09-17 20:00:00,5.8,0.263519015436769,0.14,Clothing
S0280,Mumbai,Mumbai,Ahmedabad,260,2.89,Normal,2026-09-19 21:00:00,Misplaced,82382,2026-09-18 06:00:00,11.0,0.24450875502241817,0.2,Documents
S0281,Delhi,Delhi,Jaipur,393,4.37,Critical,2026-09-19 02:00:00,Misplaced,22428,2026-09-16 04:00:00,5.8,0.540249611119273,0.14,Medicine
S0282,Delhi,Delhi,Jaipur,361,4.01,High,2026-09-19 01:00:00,Misplaced,113840,2026-09-18 08:00:00,5.8,0.37651010118123146,0.14,Other
S0283,Delhi,Delhi,Jaipur,281,3.12,High,2026-09-19 20:00:00,Misplaced,101388,2026-09-17 15:00:00,5.8,0.4128072167254463,0.14,Electronics
S0284,Hyderabad,Hyderabad,Delhi,428,4.76,High,2026-09-19 10:00:00,Misplaced,112359,2026-09-16 15:00:00,32.7,0.3860142514809164,0.2,Food
S0285,Delhi,Delhi,Jaipur,87,0.97,Medium,2026-09-20 09:00:00,Misplaced,84751,2026-09-18 05:00:00,5.8,0.28925907957767644,0.14,Electronics
S0286,Hyderabad,Hyderabad,Visakhapatnam,444,4.93,Medium,2026-09-18 22:00:00,Misplaced,119614,2026-09-16 16:00:00,12.9,0.41833763409735586,0.26,Automotive
S0287,Bengaluru,Bengaluru,Hyderabad,412,4.58,Critical,2026-09-19 16:00:00,Misplaced,142965,2026-09-16 10:00:00,11.9,0.472148960428248,0.14,Clothing
S0288,Mumbai,Mumbai,Pune,256,2.84,Medium,2026-09-20 02:00:00,Misplaced,89790,2026-09-16 15:00:00,3.1,0.1809435481268681,0.08,Food
S0289,Bengaluru,Bengaluru,Chennai,360,4.0,Medium,2026-09-21 12:00:00,Misplaced,72213,2026-09-17 17:00:00,7.3,0.1882711454518452,0.08,Documents
S0290,Bengaluru,Bengaluru,Chennai,264,2.93,High,2026-09-20 14:00:00,Misplaced,24646,2026-09-18 13:00:00,7.3,0.3116211617095022,0.08,Consumer Goods
S0291,Mumbai,Mumbai,Pune,150,1.67,Normal,2026-09-21 07:00:00,Misplaced,119014,2026-09-15 23:00:00,3.1,0.11452152239574573,0.08,Clothing
S0292,Hyderabad,Hyderabad,Delhi,389,4.32,Critical,2026-09-19 19:00:00,Misplaced,136556,2026-09-17 15:00:00,32.7,0.6420979693594406,0.2,Other
S0293,Chennai,Chennai,Vijayawada,140,1.56,Normal,2026-09-20 02:00:00,Misplaced,107928,2026-09-16 05:00:00,9.0,0.3407491092243726,0.26,Automotive
S0294,Hyderabad,Hyderabad,Delhi,171,1.9,High,2026-09-20 00:00:00,Misplaced,131180,2026-09-18 00:00:00,32.7,0.5013454403760124,0.2,Food
S0295,Bengaluru,Bengaluru,Chennai,263,2.92,Normal,2026-09-21 07:00:00,Misplaced,130567,2026-09-18 03:00:00,7.3,0.246162568466327,0.08,Other
S0296,Bengaluru,Bengaluru,Chennai,406,4.51,Normal,2026-09-21 12:00:00,Misplaced,121733,2026-09-16 07:00:00,7.3,0.11211029200041087,0.08,Consumer Goods
S0297,Mumbai,Mumbai,Pune,202,2.24,Normal,2026-09-21 12:00:00,Misplaced,80403,2026-09-15 20:00:00,3.1,0.1977504201902491,0.08,Consumer Goods
S0298,Delhi,Delhi,Jaipur,252,2.8,Normal,2026-09-20 22:00:00,Misplaced,23980,2026-09-16 01:00:00,5.8,0.29071136301118206,0.14,Food
S0299,Hyderabad,Hyderabad,Delhi,48,0.53,Normal,2026-09-20 06:00:00,Misplaced,10454,2026-09-16 09:00:00,32.7,0.3151351650950093,0.2,Electronics
S0300,Chennai,Chennai,Kochi,82,0.91,Medium,2026-09-20 08:00:00,Misplaced,38615,2026-09-17 21:00:00,14.4,0.2243539182036119,0.08,Electronics
S0301,Mumbai,Mumbai,Pune,55,0.61,Normal,2026-09-21 13:00:00,Misplaced,70343,2026-09-15 22:00:00,3.1,0.16466145364569074,0.08,Electronics
S0302,Hyderabad,Hyderabad,Visakhapatnam,62,0.69,High,2026-09-19 15:00:00,Misplaced,114104,2026-09-16 15:00:00,12.9,0.44538483290110387,0.26,Electronics
S0303,Bengaluru,Bengaluru,Chennai,420,4.67,Medium,2026-09-19 19:00:00,Misplaced,73812,2026-09-18 02:00:00,7.3,0.2401901126933913,0.08,Clothing
S0304,Mumbai,Mumbai,Pune,408,4.53,Medium,2026-09-21 08:00:00,Misplaced,13239,2026-09-18 05:00:00,3.1,0.3090314495180271,0.08,Medicine
S0305,Hyderabad,Hyderabad,Delhi,399,4.43,Normal,2026-09-19 22:00:00,Misplaced,39448,2026-09-16 01:00:00,32.7,0.3638061288957901,0.2,Clothing
S0306,Bengaluru,Bengaluru,Chennai,55,0.61,Medium,2026-09-19 12:00:00,Misplaced,147091,2026-09-17 19:00:00,7.3,0.1660598843263245,0.08,Other
S0307,Chennai,Chennai,Vijayawada,64,0.71,Medium,2026-09-20 09:00:00,Misplaced,148323,2026-09-16 08:00:00,9.0,0.44586955054442323,0.26,Documents
S0308,Mumbai,Mumbai,Pune,156,1.73,Medium,2026-09-19 18:00:00,Misplaced,62800,2026-09-18 05:00:00,3.1,0.20526473000453963,0.08,Automotive
S0309,Mumbai,Mumbai,Ahmedabad,284,3.16,High,2026-09-21 07:00:00,Misplaced,122697,2026-09-17 19:00:00,11.0,0.5154483730109205,0.2,Medicine
S0310,Bengaluru,Bengaluru,Chennai,180,2.0,High,2026-09-21 08:00:00,Misplaced,110703,2026-09-17 18:00:00,7.3,0.2667672118563918,0.08,Documents
S0311,Hyderabad,Hyderabad,Delhi,249,2.77,Medium,2026-09-19 17:00:00,Misplaced,140377,2026-09-17 19:00:00,32.7,0.4203811153016621,0.2,Medicine
S0312,Bengaluru,Bengaluru,Hyderabad,107,1.19,Medium,2026-09-20 07:00:00,Misplaced,134259,2026-09-16 15:00:00,11.9,0.3456213615681666,0.14,Clothing
S0313,Chennai,Chennai,Kochi,358,3.98,High,2026-09-21 13:00:00,Misplaced,98023,2026-09-15 22:00:00,14.4,0.27762565733789024,0.08,Clothing
S0314,Delhi,Delhi,Kolkata,171,1.9,Medium,2026-09-20 21:00:00,Misplaced,65248,2026-09-15 22:00:00,31.2,0.22897365059759492,0.14,Electronics
S0315,Delhi,Delhi,Jaipur,59,0.66,Medium,2026-09-19 11:00:00,Misplaced,97732,2026-09-16 10:00:00,5.8,0.3452061496490404,0.14,Clothing
S0316,Delhi,Delhi,Kolkata,364,4.04,Medium,2026-09-20 11:00:00,Misplaced,54678,2026-09-18 00:00:00,31.2,0.24336365064618692,0.14,Electronics
S0317,Hyderabad,Hyderabad,Delhi,436,4.84,Medium,2026-09-20 13:00:00,Misplaced,58732,2026-09-15 18:00:00,32.7,0.3602347229463806,0.2,Electronics
S0318,Hyderabad,Hyderabad,Visakhapatnam,36,0.4,Normal,2026-09-20 16:00:00,Misplaced,95223,2026-09-17 00:00:00,12.9,0.41736172868180643,0.26,Documents
S0319,Hyderabad,Hyderabad,Visakhapatnam,226,2.51,High,2026-09-18 22:00:00,Misplaced,89995,2026-09-17 00:00:00,12.9,0.5251172170323986,0.26,Other
S0320,Bengaluru,Bengaluru,Hyderabad,402,4.47,Normal,2026-09-19 16:00:00,Misplaced,91338,2026-09-16 13:00:00,11.9,0.21958499522092362,0.14,Food
S0321,Delhi,Delhi,Jaipur,347,3.86,Normal,2026-09-21 05:00:00,Misplaced,63854,2026-09-16 08:00:00,5.8,0.22675240822809883,0.14,Other
S0322,Mumbai,Mumbai,Ahmedabad,415,4.61,Medium,2026-09-19 12:00:00,Misplaced,67279,2026-09-15 19:00:00,11.0,0.2894675756055807,0.2,Other
S0323,Bengaluru,Bengaluru,Hyderabad,216,2.4,Medium,2026-09-19 16:00:00,Misplaced,11426,2026-09-16 21:00:00,11.9,0.3653128482042398,0.14,Documents
S0324,Delhi,Delhi,Kolkata,197,2.19,Medium,2026-09-19 18:00:00,Misplaced,94248,2026-09-16 19:00:00,31.2,0.26659812776216246,0.14,Electronics
S0325,Bengaluru,Bengaluru,Hyderabad,349,3.88,Normal,2026-09-19 08:00:00,Misplaced,90609,2026-09-16 10:00:00,11.9,0.1884045237509281,0.14,Food
S0326,Delhi,Delhi,Kolkata,99,1.1,Normal,2026-09-19 07:00:00,Misplaced,140953,2026-09-17 20:00:00,31.2,0.2029070952760593,0.14,Clothing
S0327,Bengaluru,Bengaluru,Chennai,137,1.52,Normal,2026-09-19 19:00:00,Misplaced,80599,2026-09-17 17:00:00,7.3,0.24465597923372184,0.08,Other
S0328,Hyderabad,Hyderabad,Visakhapatnam,300,3.33,Medium,2026-09-21 06:00:00,Misplaced,75469,2026-09-16 18:00:00,12.9,0.3541429080232011,0.26,Documents
S0329,Bengaluru,Bengaluru,Chennai,330,3.67,Medium,2026-09-18 21:00:00,Misplaced,19475,2026-09-18 10:00:00,7.3,0.29009545607517717,0.08,Automotive
S0330,Chennai,Chennai,Kochi,83,0.92,High,2026-09-19 15:00:00,Misplaced,37543,2026-09-17 16:00:00,14.4,0.36617658416021714,0.08,Electronics
S0331,Delhi,Delhi,Jaipur,258,2.87,Normal,2026-09-19 01:00:00,Misplaced,57325,2026-09-16 12:00:00,5.8,0.2845028768738542,0.14,Other
S0332,Mumbai,Mumbai,Ahmedabad,194,2.16,High,2026-09-20 10:00:00,Misplaced,62808,2026-09-15 17:00:00,11.0,0.5263846310551845,0.2,Food
S0333,Delhi,Delhi,Kolkata,255,2.83,Normal,2026-09-19 13:00:00,Misplaced,60776,2026-09-17 02:00:00,31.2,0.2863231983275308,0.14,Food
S0334,Mumbai,Mumbai,Ahmedabad,461,5.12,Normal,2026-09-21 01:00:00,Misplaced,65174,2026-09-17 10:00:00,11.0,0.3615073526916779,0.2,Other
S0335,Delhi,Delhi,Kolkata,64,0.71,High,2026-09-20 11:00:00,Misplaced,117648,2026-09-17 07:00:00,31.2,0.339040288518638,0.14,Consumer Goods
S0336,Hyderabad,Hyderabad,Delhi,477,5.3,Medium,2026-09-21 00:00:00,Misplaced,28355,2026-09-16 14:00:00,32.7,0.39936828477504555,0.2,Food
S0337,Bengaluru,Bengaluru,Hyderabad,232,2.58,High,2026-09-20 14:00:00,Misplaced,56516,2026-09-17 00:00:00,11.9,0.40185135411215717,0.14,Medicine
S0338,Chennai,Chennai,Kochi,377,4.19,Normal,2026-09-20 01:00:00,Misplaced,32802,2026-09-18 13:00:00,14.4,0.18152433926197908,0.08,Automotive
S0339,Hyderabad,Hyderabad,Visakhapatnam,221,2.46,High,2026-09-21 05:00:00,Misplaced,53091,2026-09-17 00:00:00,12.9,0.5748382364480771,0.26,Other
S0340,Delhi,Delhi,Kolkata,169,1.88,Normal,2026-09-20 04:00:00,Misplaced,105838,2026-09-17 10:00:00,31.2,0.3057705727970067,0.14,Automotive
S0341,Mumbai,Mumbai,Ahmedabad,376,4.18,High,2026-09-21 11:00:00,Misplaced,16546,2026-09-16 13:00:00,11.0,0.48572574845647715,0.2,Clothing
S0342,Chennai,Chennai,Kochi,339,3.77,Normal,2026-09-21 14:00:00,Misplaced,57526,2026-09-16 00:00:00,14.4,0.1724407584207676,0.08,Food
S0343,Chennai,Chennai,Vijayawada,94,1.04,Normal,2026-09-20 11:00:00,Misplaced,13316,2026-09-15 18:00:00,9.0,0.3484605786852768,0.26,Documents
S0344,Chennai,Chennai,Vijayawada,347,3.86,Medium,2026-09-20 17:00:00,Misplaced,143685,2026-09-16 19:00:00,9.0,0.39795121858347726,0.26,Documents
S0345,Bengaluru,Bengaluru,Chennai,368,4.09,Normal,2026-09-19 13:00:00,Misplaced,111816,2026-09-17 13:00:00,7.3,0.1542398544358994,0.08,Consumer Goods
S0346,Hyderabad,Hyderabad,Visakhapatnam,204,2.27,Normal,2026-09-21 02:00:00,Misplaced,44103,2026-09-17 07:00:00,12.9,0.33872602625266474,0.26,Documents
S0347,Hyderabad,Hyderabad,Delhi,446,4.96,Normal,2026-09-20 17:00:00,Misplaced,37747,2026-09-18 02:00:00,32.7,0.23346298528767928,0.2,Consumer Goods
S0348,Mumbai,Mumbai,Ahmedabad,318,3.53,High,2026-09-21 08:00:00,Misplaced,23849,2026-09-15 20:00:00,11.0,0.39161541278906575,0.2,Automotive
S0349,Bengaluru,Bengaluru,Hyderabad,180,2.0,Medium,2026-09-19 14:00:00,Misplaced,76203,2026-09-16 02:00:00,11.9,0.3369804765808468,0.14,Clothing
S0350,Bengaluru,Bengaluru,Hyderabad,34,0.38,High,2026-09-21 00:00:00,Misplaced,115490,2026-09-16 02:00:00,11.9,0.38691093393803394,0.14,Documents
S0351,Mumbai,Mumbai,Ahmedabad,333,3.7,Medium,2026-09-20 04:00:00,Misplaced,91789,2026-09-17 15:00:00,11.0,0.4196026732816931,0.2,Documents
S0352,Delhi,Delhi,Jaipur,124,1.38,High,2026-09-19 09:00:00,Misplaced,133345,2026-09-17 16:00:00,5.8,0.41183315128909287,0.14,Electronics
S0353,Hyderabad,Hyderabad,Delhi,370,4.11,Medium,2026-09-19 08:00:00,Misplaced,58134,2026-09-16 02:00:00,32.7,0.28527639732766297,0.2,Clothing
S0354,Chennai,Chennai,Kochi,266,2.96,Medium,2026-09-20 10:00:00,Misplaced,48935,2026-09-17 00:00:00,14.4,0.18362850119762192,0.08,Medicine
S0355,Delhi,Delhi,Kolkata,240,2.67,Medium,2026-09-19 18:00:00,Misplaced,76927,2026-09-16 12:00:00,31.2,0.25087296895195116,0.14,Consumer Goods
S0356,Delhi,Delhi,Jaipur,103,1.14,Medium,2026-09-19 03:00:00,Misplaced,38292,2026-09-17 04:00:00,5.8,0.36636040365844913,0.14,Consumer Goods
S0357,Delhi,Delhi,Kolkata,350,3.89,Normal,2026-09-20 01:00:00,Misplaced,146590,2026-09-17 07:00:00,31.2,0.19280563392274525,0.14,Food
S0358,Delhi,Delhi,Kolkata,104,1.16,Normal,2026-09-20 16:00:00,Misplaced,36007,2026-09-16 18:00:00,31.2,0.2373633514432077,0.14,Other
S0359,Delhi,Delhi,Jaipur,217,2.41,Medium,2026-09-19 18:00:00,Misplaced,77041,2026-09-16 05:00:00,5.8,0.36042653974602945,0.14,Other
S0360,Bengaluru,Bengaluru,Chennai,406,4.51,Medium,2026-09-21 12:00:00,Misplaced,83081,2026-09-17 15:00:00,7.3,0.3065789094871536,0.08,Medicine
